<?xml version="1.0" encoding="UTF-8"?>
<library xmlns="http://www.netbeans.org/ns/library-declaration/3" version="3.0">
    <name>absolutelayout</name>
    <type>j2se</type>
    <localizing-bundle>org.netbeans.modules.form.resources.Bundle</localizing-bundle>
    <volume>
        <type>classpath</type>
        <resource>jar:file:/D:/_software/jar/commons-fileupload-1.3.3.jar!/</resource>
        <resource>jar:file:/D:/_software/jar/commons-io-2.5.jar!/</resource>
        <resource>jar:file:/D:/_software/jar/commons-lang3-3.6.jar!/</resource>
        <resource>jar:file:/D:/_software/jar/dynamicreports-core-3.1.3.jar!/</resource>
        <resource>jar:file:/D:/_software/jar/freemarker-2.3.23.jar!/</resource>
        <resource>jar:file:/D:/_software/jar/jasperreports-0.6.4.jar!/</resource>
        <resource>jar:file:/D:/_software/jar/jasperreports-4.0.0.jar!/</resource>
        <resource>jar:file:/D:/_software/jar/jasperreports-5.5.2.jar!/</resource>
        <resource>jar:file:/D:/_software/jar/jasperreports-6.4.3.jar!/</resource>
        <resource>jar:file:/D:/_software/jar/javassist-3.20.0-GA.jar!/</resource>
        <resource>jar:file:/D:/_software/jar/log4j-api-2.8.2.jar!/</resource>
        <resource>jar:file:/D:/_software/jar/ognl-3.1.15.jar!/</resource>
        <resource>jar:file:/D:/_software/jar/sqljdbc4-2.0.jar!/</resource>
        <resource>jar:file:/D:/_software/jar/struts2-core-2.5.13.jar!/</resource>
    </volume>
    <volume>
        <type>src</type>
        <resource>file:/C:/Users/PPP-Company/Documents/NetBeansProjects/WebApplication10/lib/features/</resource>
        <resource>file:/C:/Users/PPP-Company/Documents/NetBeansProjects/WebApplication10/lib/javaee-endorsed-api-7.0/</resource>
    </volume>
    <volume>
        <type>javadoc</type>
    </volume>
    <volume>
        <type>maven-pom</type>
    </volume>
    <properties/>
</library>
