<?xml version="1.0" encoding="UTF-8"?>
<!DOCTYPE platform PUBLIC "-//NetBeans//DTD Java PlatformDefinition 1.0//EN" "http://www.netbeans.org/dtds/java-platformdefinition-1_0.dtd">
<platform default="no" name="JDK 1.8">
    <jdkhome>
        <resource>file:/C:/Program%20Files/Java/jdk1.8.0_45/</resource>
    </jdkhome>
    <properties>
        <property name="platform.ant.name" value="JDK_1.8"/>
    </properties>
    <sysproperties>
        <property name="awt.toolkit" value="sun.awt.windows.WToolkit"/>
        <property name="file.encoding" value="MS874"/>
        <property name="file.encoding.pkg" value="sun.io"/>
        <property name="file.separator" value="\"/>
        <property name="java.awt.graphicsenv" value="sun.awt.Win32GraphicsEnvironment"/>
        <property name="java.awt.printerjob" value="sun.awt.windows.WPrinterJob"/>
        <property name="java.class.path" value=""/>
        <property name="java.class.version" value="52.0"/>
        <property name="java.endorsed.dirs" value="C:\Program Files\Java\jdk1.8.0_45\jre\lib\endorsed"/>
        <property name="java.ext.dirs" value="C:\Program Files\Java\jdk1.8.0_45\jre\lib\ext;C:\Windows\Sun\Java\lib\ext"/>
        <property name="java.home" value="C:\Program Files\Java\jdk1.8.0_45\jre"/>
        <property name="java.io.tmpdir" value="C:\Users\PPP-CO~1\AppData\Local\Temp\"/>
        <property name="java.library.path" value="C:\Program Files\Java\jdk1.8.0_45\bin;C:\Windows\Sun\Java\bin;C:\Windows\system32;C:\Windows;C:\Program Files\Microsoft MPI\Bin\;C:\Windows\system32;C:\Windows;C:\Windows\System32\Wbem;C:\Windows\System32\WindowsPowerShell\v1.0\;C:\Program Files (x86)\AMD\ATI.ACE\Core-Static;C:\Program Files\Microsoft SQL Server\110\DTS\Binn\;C:\Program Files (x86)\Microsoft SQL Server\110\Tools\Binn\;C:\Program Files\Microsoft SQL Server\110\Tools\Binn\;C:\Program Files (x86)\Microsoft SQL Server\110\Tools\Binn\ManagementStudio\;C:\Program Files (x86)\Microsoft SQL Server\110\DTS\Binn\;C:\xampp\php;C:\Program Files (x86)\QuickTime\QTSystem\;C:\Program Files\TortoiseSVN\bin;C:\Program Files\Intel\WiFi\bin\;C:\Program Files\Common Files\Intel\WirelessCommon\;C:\ProgramData\ComposerSetup\bin;C:\Program Files\nodejs\;C:\Program Files (x86)\Common Files\Apple\Internet Services\;C:\Program Files (x86)\Microsoft SQL Server\140\Tools\Binn\;C:\Program Files\Microsoft SQL Server\140\Tools\Binn\;C:\Program Files (x86)\Microsoft SQL Server\140\DTS\Binn\;C:\Program Files\Microsoft SQL Server\140\DTS\Binn\;C:\Program Files\Microsoft SQL Server\Client SDK\ODBC\130\Tools\Binn\;C:\Program Files (x86)\Microsoft SQL Server\Client SDK\ODBC\130\Tools\Binn\;C:\Program Files (x86)\Microsoft SQL Server\140\Tools\Binn\ManagementStudio\;C:\Program Files\Git\cmd; C:\Program Files\Apache Software Foundation\apache-maven-3.5.2\bin;%Maven_Home%;C:\Program Files\NetBeans 8.2\bin;C:\Program Files\Apache Software Foundation\apache-maven-3.5.2\bin;C:\Program Files\Apache Software Foundation\apache-maven-3.5.2\bin;C:\Program Files\Intel\WiFi\bin\;C:\Program Files\Common Files\Intel\WirelessCommon\;C:\AppServ\Apache2.2\bin;C:\AppServ\php;C:\Program Files\Java\jdk1.8.0_45\bin;C:\Users\PPP-Company\AppData\Roaming\Composer\vendor\bin;C:\Users\PPP-Company\AppData\Roaming\npm;C:\Users\PPP-Company\AppData\Local\GitHubDesktop\bin;C:\Program Files\Apache Software Foundation\Tomcat 8.5\bin\;C:\Program Files (x86)\WiX Toolset v3.11\bin;;."/>
        <property name="java.runtime.name" value="Java(TM) SE Runtime Environment"/>
        <property name="java.runtime.version" value="1.8.0_45-b15"/>
        <property name="java.specification.name" value="Java Platform API Specification"/>
        <property name="java.specification.vendor" value="Oracle Corporation"/>
        <property name="java.specification.version" value="1.8"/>
        <property name="java.vendor" value="Oracle Corporation"/>
        <property name="java.vendor.url" value="http://java.oracle.com/"/>
        <property name="java.vendor.url.bug" value="http://bugreport.sun.com/bugreport/"/>
        <property name="java.version" value="1.8.0_45"/>
        <property name="java.vm.info" value="mixed mode"/>
        <property name="java.vm.name" value="Java HotSpot(TM) 64-Bit Server VM"/>
        <property name="java.vm.specification.name" value="Java Virtual Machine Specification"/>
        <property name="java.vm.specification.vendor" value="Oracle Corporation"/>
        <property name="java.vm.specification.version" value="1.8"/>
        <property name="java.vm.vendor" value="Oracle Corporation"/>
        <property name="java.vm.version" value="25.45-b02"/>
        <property name="line.separator" value="&#13;&#10;"/>
        <property name="os.arch" value="amd64"/>
        <property name="os.name" value="Windows 8.1"/>
        <property name="os.version" value="6.3"/>
        <property name="path.separator" value=";"/>
        <property name="sun.arch.data.model" value="64"/>
        <property name="sun.boot.class.path" value="C:\Program Files\Java\jdk1.8.0_45\jre\lib\resources.jar;C:\Program Files\Java\jdk1.8.0_45\jre\lib\rt.jar;C:\Program Files\Java\jdk1.8.0_45\jre\lib\sunrsasign.jar;C:\Program Files\Java\jdk1.8.0_45\jre\lib\jsse.jar;C:\Program Files\Java\jdk1.8.0_45\jre\lib\jce.jar;C:\Program Files\Java\jdk1.8.0_45\jre\lib\charsets.jar;C:\Program Files\Java\jdk1.8.0_45\jre\lib\jfr.jar;C:\Program Files\Java\jdk1.8.0_45\jre\classes"/>
        <property name="sun.boot.library.path" value="C:\Program Files\Java\jdk1.8.0_45\jre\bin"/>
        <property name="sun.cpu.endian" value="little"/>
        <property name="sun.cpu.isalist" value="amd64"/>
        <property name="sun.desktop" value="windows"/>
        <property name="sun.io.unicode.encoding" value="UnicodeLittle"/>
        <property name="sun.java.command" value="org.netbeans.modules.java.j2seplatform.wizard.SDKProbe C:\Users\PPP-CO~1\AppData\Local\Temp\nb-platformdetect8762515583710573700properties"/>
        <property name="sun.java.launcher" value="SUN_STANDARD"/>
        <property name="sun.jnu.encoding" value="MS874"/>
        <property name="sun.management.compiler" value="HotSpot 64-Bit Tiered Compilers"/>
        <property name="sun.os.patch.level" value=""/>
        <property name="user.country" value="US"/>
        <property name="user.country.format" value="TH"/>
        <property name="user.dir" value=""/>
        <property name="user.home" value="C:\Users\PPP-Company"/>
        <property name="user.language" value="en"/>
        <property name="user.language.format" value="th"/>
        <property name="user.name" value="PPP-Company"/>
        <property name="user.script" value=""/>
        <property name="user.timezone" value="Asia/Bangkok"/>
        <property name="user.variant" value=""/>
    </sysproperties>
</platform>
