<?xml version="1.0" encoding="UTF-8"?>
<!DOCTYPE fontscolors PUBLIC "-//NetBeans//DTD Editor Fonts and Colors settings 1.1//EN" "http://www.netbeans.org/dtds/EditorFontsColors-1_1.dtd">
<fontscolors>
    <fontcolor default="identifier" name="identifier"/>
    <fontcolor foreColor="ff00b200" name="object_F">
        <font style="bold"/>
    </fontcolor>
    <fontcolor foreColor="ffce7b66" name="string"/>
    <fontcolor foreColor="ffec2d2d" name="invalid_object">
        <font style="bold"/>
    </fontcolor>
    <fontcolor default="error" name="error"/>
    <fontcolor default="operator" name="operator"/>
    <fontcolor default="number" name="number"/>
    <fontcolor foreColor="blue" name="object_V">
        <font style="bold"/>
    </fontcolor>
    <fontcolor name="character"/>
    <fontcolor foreColor="ffb20000" name="object_P">
        <font style="bold"/>
    </fontcolor>
    <fontcolor name="PE"/>
    <fontcolor foreColor="ffce7b66" name="object_R">
        <font style="bold"/>
    </fontcolor>
    <fontcolor name="GAP"/>
    <fontcolor default="char" name="char"/>
    <fontcolor default="comment" name="comment"/>
    <fontcolor name="invalid_keyword" strikeThrough="ff770000"/>
    <fontcolor foreColor="ff0000e6" name="keyword"/>
    <fontcolor default="whitespace" name="whitespace"/>
</fontscolors>
